{
  "type": "minecraft:entity",
  "pools": [
    {
      "rolls": 1,
      "entries": [
        {
          "type": "minecraft:item",
          "name": "minecraft:written_book"
        }
      ],
      "functions": [
        {
          "function": "minecraft:set_nbt",
          "tag": "{CustomModelData:266500,pages:['{\"text\":\"I was right! Those books were telling me the exact coordinates of this small probe that seems to have crash-landed here. What a discovery!\"}','{\"text\":\"It\\'s clear what my next step is: follow the compass.\\\\n\\\\nI\\'m leaving this book here in case someone else happens upon this... I hope we both have a safe trip! \"}'],title:\"Logbook 4\",author:Astronomer}"
        }
      ]
    }
  ]
}