{
  "type": "minecraft:entity",
  "pools": [
    {
      "rolls": 1,
      "entries": [
        {
          "type": "minecraft:item",
          "name": "minecraft:written_book",
          "functions": [
            {
              "function": "minecraft:set_nbt",
              "tag": "{CustomModelData:266500,pages:['{\"text\":\"With more testing, I realized that if I hole one of those strange books on a clear night (no rain or snow), a bright dot appears in the sky around midnight.\"}','{\"text\":\"Upstairs on the observatory deck it\\'s easier to see. To figure out its location in the sky, I crafted a sextant. \"}','{\"text\":\"To make a sextant, I used a compass, diamond, and nether star. The crafting bench made a knowledgebook first, but in my hands it turned into a sextant.\"}','{\"text\":\"The sextant tells me the horizontal and vertical angles of anywhere I look. So I can look at a star, or in this case the bright light, and record its location every night.\"}','{\"text\":\"And sure enough, that bright dot is always in the same place every single night. More studying to do. \"}'],title:\"Logbook 2\",author:Astronomer}"
            }
          ]
        }
      ]
    },
    {
      "rolls": 2,
      "entries": [
        {
          "type": "minecraft:item",
          "name": "minecraft:compass",
          "functions": [
            {
              "function": "minecraft:set_nbt",
              "tag": "{display:{Name:'{\"text\":\"sextant\"}'},CustomModelData:175900,sextant:1b}"
            }
          ]
        }
      ]
    }
  ]
}