{
  "type": "minecraft:entity",
  "pools": [
    {
      "rolls": 1,
      "entries": [
        {
          "type": "minecraft:item",
          "name": "minecraft:written_book"
        }
      ]
    }
  ],
  "functions": [
    {
      "function": "minecraft:set_nbt",
      "tag": "{CustomModelData:266500,pages:['{\"text\":\"I\\\\u2019ve made it. I followed the weird compass in the probe I found originally and I think this is the bigger probe it originally fell off from. But I don\\\\u2019t know what to do now.\"}','{\"text\":\"There\\\\u2019s a blue block that I\\\\u2019m sure is important for something, but I don\\\\u2019t know what to do with it. I removed it from where it is but it\\\\u2019s surrounded by bedrock, so I just put it back. I\\'m sure I have to do something or put something on that blue block, but I don\\'t know what.\"}','{\"text\":\"I also used all my ladders on the way here and had to drop the rest of the way. I\\\\u2019m out of food too, and my pick is almost broken\\\\u2026 I hope I can figure it out soon.\"}'],title:\"Logbook 5\",author:Astronomer}"
    }
  ]
}