{
  "type": "minecraft:entity",
  "pools": [
    {
      "rolls": 1,
      "entries": [
        {
          "type": "minecraft:item",
          "name": "minecraft:written_book"
        }
      ]
    }
  ],
  "functions": [
    {
      "function": "minecraft:set_nbt",
      "tag": "{CustomModelData:266500,pages:['[\"\",{\"text\":\"As I explored, I found a chest in the wild that was just \"},{\"text\":\"filled\",\"italic\":true},{\"text\":\" with these books. I\\\\u2026 have no idea what it could mean, but I took a few back home.\",\"color\":\"reset\"}]','{\"text\":\"I tried a few things so far:\\\\n\\\\u2022Burning it (no effect)\\\\n\\\\u2022Crafting with it (no effect)\\\\n\\\\u2022Putting it with other books (no effect)\\\\n\\\\nI also tried decoding the message inside, but I can\\\\u2019t figure out what it means. \"}','{\"text\":\"I\\\\u2019ve never seen that combination of numbers and letters before. I guess I\\\\u2019ll just have to keep testing.\"}'],title:\"Logbook 1\",author:Astronomer}"
    }
  ]
}