{
  "type": "minecraft:entity",
  "pools": [
    {
      "rolls": 1,
      "entries": [
        {
          "type": "minecraft:item",
          "name": "minecraft:written_book"
        }
      ],
      "functions": [
        {
          "function": "minecraft:set_nbt",
          "tag": "{CustomModelData:266500,pages:['{\"text\":\"If someone else is reading this and hasn\\'t read my first two logbooks yet... I\\'d recommend searching around for those and reading them first. The rest of this might not make much sense.\"}','{\"text\":\"So I watched the star move across the sky for an entire night, and right around midnight it changed colors. I think that\\\\u2019s some kind of message, though I wasn\\\\u2019t sure what it was trying to tell me.\"}','{\"text\":\"So whoever wrote this book wanted me to see that star, at that time. I\\\\u2019m not positive, but I think they\\\\u2019re trying to communicate the star\\\\u2019s location.\"}','{\"text\":\" With the sextant I can get a measurement-- and they seem like coordinates. I\\\\u2019m leaving for there tonight. I\\\\u2019m bringing some tools and food just in case.\"}'],title:\"Logbook 3\",author:Astronomer}"
        }
      ]
    }
  ]
}