{
  "type": "minecraft:entity",
  "pools": [
    {
      "rolls": 1,
      "entries": [
        {
          "type": "minecraft:item",
          "name": "minecraft:written_book"
        }
      ]
    }
  ],
  "functions": [
    {
      "function": "minecraft:set_nbt",
      "tag": "{CustomModelData:782700,pages:['{\"text\":\"01010000 01010010 01001111 01000010 01000101 00100000 01001100 01001111 01010011 01010100 00101100 00100000 01000110 01001001 01001110 01000100\"}'],title:\"\",author:\"OΘ\",generation:3}"
    }
  ]
}