{
  "display": {
    "icon": {
      "item": "minecraft:compass",
      "nbt": "{LodestoneDimension:\"minecraft:overworld\",LodestoneTracked:0b,LodestonePos:{X:69,Y:69,Z:69}}"
    },
    "title": "To Boldly Go",
    "description": "Find a probe site with... compasses?",
    "show_toast": true,
    "announce_to_chat": true,
    "hidden": true
  },
  "parent": "astronomer:night_adv",
  "criteria": {
    "nothing": {
      "trigger": "minecraft:impossible",
      "conditions": {}
    }
  }
}